受访者编号,平台,性别,年龄段,游玩年限,周均时长_小时,是否付费,数值改动满意度,崩溃频率,Q8_1,Q8_2,Q8_3,Q8_4,Q8_5,Q9_1,Q9_2,Q9_3,是否愿意推荐,Q12_开放题
P001,iOS,男,25-30,2.2,7.5,是,5.0,0,3,3,4,4,4,3,3,4,是,新版本的玩法还挺有意思的，就是日常有点肝
P002,Android,女,18-24,3.2,11.7,是,4.0,1,3,4,3,4,4,3,4,3,是,安卓这边优化太差了，同样的手机以前不卡的
P003,iOS,男,31-40,5.1,9.4,否,3.0,1,2,3,3,3,3,3,3,4,否,
P004,iOS,女,31-40,4.0,10.9,是,,1,4,4,4,3,4,4,5,3,否,数值改动有点大，之前练的角色感觉不值了
P005,iOS,女,25-30,0.2,10.6,否,3.0,1,3,3,3,4,2,3,4,4,否,
P006,iOS,男,25-30,2.9,11.5,否,5.0,1,4,4,4,4,4,3,3,3,是,
P007,iOS,男,25-30,2.8,11.3,否,4.0,2,4,5,5,5,4,3,3,4,否,新版本的玩法还挺有意思的，就是日常有点肝
P008,Android,男,18-24,1.7,7.4,否,2.0,3,2,3,2,4,3,1,1,2,否,希望优化一下性能，手机发热严重而且闪退
P009,iOS,女,18-24,3.9,9.1,是,2.0,0,3,5,5,4,4,3,3,4,是,
P010,Android,男,18岁以下,3.4,9.2,否,3.0,1,3,2,1,2,2,2,1,2,否,新版本内容还行，但是进副本经常崩，体验很差
P011,Android,男,18-24,1.8,1.5,否,3.0,1,3,2,2,3,3,2,3,2,否,安卓这边优化太差了，同样的手机以前不卡的
P012,iOS,女,18岁以下,4.5,10.7,否,3.0,0,3,3,5,4,4,4,4,4,是,
P013,iOS,女,18-24,4.2,10.4,否,1.0,0,3,4,3,3,3,3,3,3,是,整体还行，希望多出点剧情内容
P014,Android,男,18-24,3.4,0.5,否,1.0,1,3,3,2,4,3,3,3,2,否,更新之后老是闪退，打一半就掉线，根本玩不下去
P015,iOS,女,25-30,0.6,13.3,是,4.0,0,4,4,3,4,3,4,3,3,是,数值改动有点大，之前练的角色感觉不值了
P016,Android,女,18-24,1.0,6.5,否,,2,2,3,3,3,3,3,3,3,否,希望优化一下性能，手机发热严重而且闪退
P017,Android,男,18-24,2.0,6.2,否,3.0,1,2,2,2,2,2,3,2,2,否,希望优化一下性能，手机发热严重而且闪退
P018,Android,男,18-24,3.1,6.3,否,4.0,1,2,3,3,2,2,3,3,2,否,安卓这边优化太差了，同样的手机以前不卡的
P019,iOS,男,25-30,4.3,12.5,否,4.0,1,4,4,3,5,4,4,3,2,是,画面和音乐还是很好的，继续加油
P020,Android,女,18-24,2.7,6.3,否,4.0,2,2,2,2,2,2,2,2,2,否,希望优化一下性能，手机发热严重而且闪退
P021,iOS,男,18-24,4.2,1.8,否,3.0,1,4,4,4,4,3,3,3,3,否,新版本的玩法还挺有意思的，就是日常有点肝
P022,iOS,男,25-30,1.0,10.4,否,2.0,0,4,4,4,4,4,4,4,5,是,数值改动有点大，之前练的角色感觉不值了
P023,Android,男,18岁以下,2.3,11.0,否,3.0,2,1,1,2,2,2,1,2,3,否,更新之后老是闪退，打一半就掉线，根本玩不下去
P024,Android,男,25-30,5.2,8.1,是,2.0,1,3,2,3,3,2,2,3,2,否,希望优化一下性能，手机发热严重而且闪退
P025,iOS,男,18-24,2.3,8.7,否,2.0,0,4,3,4,4,4,4,4,3,是,
P026,Android,女,18-24,0.8,10.8,否,1.0,2,3,3,2,2,2,4,3,3,否,希望优化一下性能，手机发热严重而且闪退
P027,iOS,男,18-24,1.8,22.6,否,2.0,1,4,4,4,3,5,5,5,4,是,
P028,Android,男,25-30,0.9,,否,4.0,2,3,3,3,4,3,3,2,2,是,希望优化一下性能，手机发热严重而且闪退
P029,Android,女,25-30,2.9,18.5,是,2.0,1,3,3,3,3,3,2,2,2,否,希望优化一下性能，手机发热严重而且闪退
P030,Android,男,18-24,3.0,7.6,否,,1,2,2,2,2,2,2,3,2,否,更新之后老是闪退，打一半就掉线，根本玩不下去
P031,Android,男,25-30,0.8,9.7,否,1.0,2,3,4,4,3,3,3,2,2,否,更新之后老是闪退，打一半就掉线，根本玩不下去
P032,iOS,男,18-24,1.5,15.2,否,4.0,0,3,4,3,4,4,2,3,3,否,
P033,Android,女,18岁以下,4.4,5.4,否,3.0,3,3,3,3,3,3,3,3,3,否,希望优化一下性能，手机发热严重而且闪退
P034,Android,男,25-30,1.9,5.4,否,3.0,1,2,3,3,2,4,2,3,3,否,
P035,Android,女,31-40,0.2,0.5,是,2.0,1,4,3,4,4,4,4,2,3,否,新版本内容还行，但是进副本经常崩，体验很差
P036,Android,女,25-30,1.5,5.8,否,2.0,2,3,3,3,4,3,4,3,3,否,新版本内容还行，但是进副本经常崩，体验很差
P037,Android,男,18-24,1.1,9.6,否,1.0,1,3,3,3,3,3,1,3,3,否,新版本内容还行，但是进副本经常崩，体验很差
P038,Android,男,18-24,5.0,14.2,是,2.0,1,3,2,2,1,3,2,2,2,否,希望优化一下性能，手机发热严重而且闪退
P039,Android,男,18-24,3.5,10.1,否,3.0,3,3,3,3,3,3,3,2,3,否,闪退太频繁了，希望先把卡顿和闪退修好再说新内容
P040,iOS,男,25-30,4.9,8.7,否,2.0,1,5,5,5,5,5,4,4,5,是,新版本的玩法还挺有意思的，就是日常有点肝
P041,Android,男,18-24,0.8,15.6,是,2.0,1,3,3,3,2,3,2,3,3,是,希望优化一下性能，手机发热严重而且闪退
P042,iOS,女,18-24,0.2,15.6,否,4.0,0,1,1,2,1,2,2,3,3,否,数值改动有点大，之前练的角色感觉不值了
P043,iOS,男,18-24,0.6,9.6,否,3.0,1,4,3,4,3,3,4,4,3,是,
P044,Android,女,18-24,2.8,2.1,是,3.0,1,4,4,5,4,4,2,3,3,否,安卓这边优化太差了，同样的手机以前不卡的
P045,Android,男,25-30,,0.5,否,2.0,2,3,3,3,2,2,2,2,1,否,
P046,Android,男,25-30,4.9,13.9,是,3.0,2,3,4,4,3,4,3,4,3,是,
P047,Android,男,25-30,0.2,8.6,否,4.0,2,2,3,3,2,3,2,3,2,否,闪退太频繁了，希望先把卡顿和闪退修好再说新内容
P048,Android,男,31-40,2.3,17.3,否,4.0,3,3,3,4,3,5,3,4,3,否,更新之后老是闪退，打一半就掉线，根本玩不下去
P049,iOS,女,18-24,,12.2,否,2.0,0,3,4,3,3,4,4,4,3,否,整体还行，希望多出点剧情内容
P050,Android,女,18-24,,15.3,否,2.0,3,2,3,2,2,2,3,2,2,否,更新之后老是闪退，打一半就掉线，根本玩不下去
P051,iOS,女,18-24,0.6,1.4,否,2.0,0,3,4,3,3,3,3,3,2,是,付费礼包太贵了，性价比不高
P052,Android,男,25-30,0.9,4.3,是,2.0,2,3,3,3,4,3,2,3,2,是,
P053,Android,男,31-40,0.7,3.3,是,1.0,2,3,3,3,2,3,3,3,2,否,
P054,Android,女,25-30,2.6,25.3,是,3.0,1,2,2,2,2,2,2,1,2,否,
P055,iOS,女,25-30,3.5,18.6,是,2.0,0,3,3,3,3,3,2,3,2,否,数值改动有点大，之前练的角色感觉不值了
P056,Android,女,18岁以下,2.1,11.7,是,2.0,3,2,2,3,3,3,2,3,1,否,希望优化一下性能，手机发热严重而且闪退
P057,iOS,男,18-24,4.9,10.4,否,3.0,0,4,3,4,3,4,4,3,3,否,新版本的玩法还挺有意思的，就是日常有点肝
P058,iOS,男,31-40,4.4,1.3,否,5.0,2,3,4,4,3,2,3,5,3,否,整体还行，希望多出点剧情内容
P059,Android,男,18-24,2.9,11.8,是,1.0,0,3,4,1,3,3,2,3,2,否,闪退太频繁了，希望先把卡顿和闪退修好再说新内容
P060,iOS,男,18岁以下,3.3,12.6,是,2.0,0,4,4,5,4,3,4,4,3,是,整体还行，希望多出点剧情内容
P061,Android,男,25-30,0.2,9.8,否,3.0,3,3,3,3,3,2,3,3,2,否,
P062,Android,女,31-40,1.0,16.6,是,3.0,1,3,3,2,3,2,2,2,3,是,安卓这边优化太差了，同样的手机以前不卡的
P063,iOS,女,18-24,2.4,2.3,否,3.0,3,3,3,3,3,3,3,3,4,否,
P064,Android,男,18-24,1.4,,否,2.0,3,2,1,2,2,2,2,2,2,否,闪退太频繁了，希望先把卡顿和闪退修好再说新内容
P065,iOS,男,25-30,,9.8,是,3.0,0,4,4,4,5,4,3,3,4,是,
P066,Android,男,31-40,3.6,0.7,是,3.0,1,3,5,3,2,3,2,2,4,是,更新之后老是闪退，打一半就掉线，根本玩不下去
P067,Android,男,31-40,1.8,7.2,否,1.0,2,3,3,3,2,3,3,2,2,否,闪退太频繁了，希望先把卡顿和闪退修好再说新内容
P068,Android,男,25-30,2.6,11.6,否,2.0,3,3,2,2,1,1,2,1,1,否,希望优化一下性能，手机发热严重而且闪退
P069,iOS,男,25-30,3.4,11.3,否,3.0,0,5,4,4,4,5,5,4,3,否,新版本的玩法还挺有意思的，就是日常有点肝
P070,iOS,男,31-40,2.9,0.5,是,5.0,0,3,3,3,3,2,3,3,4,是,
P071,Android,男,25-30,0.5,7.6,否,4.0,3,3,3,3,3,3,3,2,2,否,新版本内容还行，但是进副本经常崩，体验很差
P072,iOS,男,18-24,1.3,7.3,否,3.0,0,4,2,3,4,3,3,3,3,是,新版本的玩法还挺有意思的，就是日常有点肝
P073,iOS,男,31-40,3.0,11.8,否,2.0,0,3,4,2,3,3,3,3,3,否,画面和音乐还是很好的，继续加油
P074,iOS,女,31-40,3.9,17.1,是,4.0,0,4,4,3,4,5,4,4,3,是,
P075,Android,男,25-30,1.8,6.2,否,4.0,3,2,2,2,2,2,2,2,2,否,更新之后老是闪退，打一半就掉线，根本玩不下去
P076,iOS,男,25-30,3.5,10.5,否,3.0,1,3,2,4,4,4,4,2,4,是,新版本的玩法还挺有意思的，就是日常有点肝
P077,iOS,女,18-24,3.3,12.7,否,4.0,0,4,3,3,3,3,3,3,4,否,数值改动有点大，之前练的角色感觉不值了
P078,iOS,男,18-24,,12.6,是,2.0,1,4,3,4,2,4,2,3,2,是,画面和音乐还是很好的，继续加油
P079,Android,男,18-24,1.3,9.9,是,1.0,2,3,3,3,3,3,3,2,3,是,
P080,iOS,男,25-30,2.9,6.6,是,2.0,1,4,3,2,3,4,2,3,3,是,付费礼包太贵了，性价比不高
P081,Android,男,25-30,3.1,9.2,否,3.0,1,2,2,3,3,4,3,2,2,是,安卓这边优化太差了，同样的手机以前不卡的
P082,Android,男,18-24,2.7,7.0,否,1.0,2,2,2,2,3,3,3,3,3,否,闪退太频繁了，希望先把卡顿和闪退修好再说新内容
P083,Android,男,18岁以下,4.6,7.6,否,3.0,1,2,3,3,4,3,2,3,3,否,安卓这边优化太差了，同样的手机以前不卡的
P084,Android,男,18-24,1.8,2.5,否,2.0,0,3,3,2,1,2,3,2,2,否,希望优化一下性能，手机发热严重而且闪退
P085,Android,男,40岁以上,2.5,17.6,否,4.0,1,3,3,3,4,2,2,3,2,否,新版本内容还行，但是进副本经常崩，体验很差
P086,iOS,男,18-24,3.5,8.5,是,2.0,2,4,5,4,5,4,3,4,5,是,画面和音乐还是很好的，继续加油
P087,Android,男,25-30,1.5,6.6,否,4.0,3,3,3,2,2,3,3,1,3,否,
P088,Android,男,31-40,1.5,15.5,否,3.0,0,3,3,2,3,3,2,2,2,否,闪退太频繁了，希望先把卡顿和闪退修好再说新内容
P089,Android,女,31-40,1.6,0.8,否,2.0,0,3,2,2,2,2,2,3,2,否,安卓这边优化太差了，同样的手机以前不卡的
P090,iOS,男,25-30,2.6,8.4,否,3.0,0,4,4,4,4,4,4,3,4,是,整体还行，希望多出点剧情内容
P091,Android,男,18-24,0.5,2.8,否,3.0,3,3,3,3,3,2,3,2,2,否,
P092,iOS,男,31-40,0.6,12.5,否,4.0,0,4,2,3,3,3,2,3,3,否,画面和音乐还是很好的，继续加油
P093,Android,男,31-40,0.2,11.5,否,3.0,1,2,3,2,3,3,3,2,3,否,新版本内容还行，但是进副本经常崩，体验很差
P094,Android,男,18-24,2.4,15.1,否,4.0,1,3,3,4,1,1,3,3,2,否,
P095,iOS,男,25-30,1.8,0.5,否,1.0,0,3,3,4,3,4,3,4,4,是,整体还行，希望多出点剧情内容
P096,Android,男,31-40,2.7,15.0,否,3.0,3,3,2,2,3,3,1,2,2,否,闪退太频繁了，希望先把卡顿和闪退修好再说新内容
P097,iOS,男,40岁以上,1.5,9.7,是,4.0,1,4,3,4,4,4,3,3,3,否,数值改动有点大，之前练的角色感觉不值了
P098,Android,男,25-30,3.6,16.1,是,3.0,2,3,2,3,3,3,3,2,2,否,新版本内容还行，但是进副本经常崩，体验很差
P099,iOS,男,25-30,2.6,9.3,否,4.0,0,3,4,4,4,4,4,4,4,是,整体还行，希望多出点剧情内容
P100,Android,女,18-24,6.2,7.0,否,4.0,1,3,2,2,5,3,3,2,1,否,
P101,iOS,男,31-40,1.0,11.9,否,4.0,0,5,4,3,4,3,3,3,5,是,数值改动有点大，之前练的角色感觉不值了
P102,iOS,女,18-24,3.7,5.4,否,3.0,1,5,4,4,4,3,3,4,4,否,新版本的玩法还挺有意思的，就是日常有点肝
P103,Android,女,18岁以下,2.7,8.9,是,2.0,2,4,4,4,4,4,2,2,3,否,安卓这边优化太差了，同样的手机以前不卡的
P104,Android,男,18-24,1.9,10.4,是,2.0,1,3,4,4,3,3,4,2,2,否,
P105,iOS,男,25-30,1.8,7.1,否,3.0,1,3,3,3,3,3,3,4,3,否,付费礼包太贵了，性价比不高
P106,Android,男,18-24,1.8,0.5,是,3.0,2,3,2,3,3,2,1,2,3,否,
P107,Android,男,31-40,2.6,12.6,是,3.0,1,2,3,2,2,2,3,2,3,否,新版本内容还行，但是进副本经常崩，体验很差
P108,iOS,男,18-24,2.5,1.6,否,3.0,1,4,3,3,4,4,3,3,2,否,
P109,Android,男,40岁以上,2.0,5.4,否,1.0,1,2,3,1,2,2,2,2,1,否,新版本内容还行，但是进副本经常崩，体验很差
P110,iOS,女,31-40,3.9,17.6,否,2.0,0,4,4,3,5,5,3,3,5,是,画面和音乐还是很好的，继续加油
P111,iOS,男,25-30,4.3,16.8,是,3.0,0,3,3,3,3,3,3,2,4,否,数值改动有点大，之前练的角色感觉不值了
P112,iOS,男,25-30,2.3,0.9,是,3.0,0,4,3,3,3,4,4,3,3,否,付费礼包太贵了，性价比不高
P113,Android,男,18-24,1.2,10.3,否,2.0,2,3,3,3,4,3,3,2,2,否,安卓这边优化太差了，同样的手机以前不卡的
P114,Android,男,31-40,,15.7,否,4.0,2,4,4,3,4,3,3,3,4,否,闪退太频繁了，希望先把卡顿和闪退修好再说新内容
P115,Android,男,25-30,2.4,13.3,否,2.0,2,3,4,3,3,3,2,2,2,否,更新之后老是闪退，打一半就掉线，根本玩不下去
P116,Android,女,31-40,3.6,5.3,是,3.0,1,2,2,3,2,2,2,3,3,是,
P117,iOS,男,18-24,4.4,,是,4.0,0,4,4,3,4,5,4,4,3,否,新版本的玩法还挺有意思的，就是日常有点肝
P118,Android,女,25-30,3.0,12.9,否,4.0,2,3,2,2,2,2,2,3,2,否,
P119,iOS,女,18岁以下,3.5,,否,5.0,1,4,4,3,3,4,4,3,4,否,整体还行，希望多出点剧情内容
P120,iOS,男,18-24,,,否,3.0,1,3,3,3,4,3,2,4,3,否,
P121,iOS,女,25-30,2.0,9.1,是,5.0,1,4,3,3,4,4,4,2,3,否,
P122,Android,男,25-30,3.7,7.8,是,1.0,2,3,3,2,3,3,2,3,2,否,希望优化一下性能，手机发热严重而且闪退
P123,iOS,男,18岁以下,3.0,13.6,否,2.0,0,2,3,3,3,3,2,2,3,否,整体还行，希望多出点剧情内容
P124,iOS,男,25-30,2.9,,是,,0,4,5,4,4,4,4,4,3,是,数值改动有点大，之前练的角色感觉不值了
P125,Android,男,25-30,1.9,1.1,否,3.0,0,3,2,1,3,2,1,2,2,否,
P126,iOS,女,18-24,2.0,9.9,是,4.0,0,4,4,3,3,2,4,2,2,否,付费礼包太贵了，性价比不高
P127,Android,女,18-24,2.8,4.0,否,3.0,1,3,2,2,3,3,1,3,2,否,更新之后老是闪退，打一半就掉线，根本玩不下去
P128,iOS,男,25-30,0.8,0.5,否,3.0,1,4,4,5,5,4,4,4,3,否,画面和音乐还是很好的，继续加油
P129,Android,男,31-40,1.6,8.0,否,1.0,1,4,4,3,5,4,2,4,3,否,
P130,iOS,男,18岁以下,4.5,1.4,否,3.0,0,3,2,4,3,3,4,3,4,是,付费礼包太贵了，性价比不高
P131,Android,男,18-24,3.4,9.4,否,,0,2,3,2,3,3,1,2,2,否,
P132,iOS,男,25-30,2.3,13.2,是,4.0,1,3,3,3,4,3,4,2,4,是,数值改动有点大，之前练的角色感觉不值了
P133,Android,女,18-24,3.1,9.2,否,3.0,1,2,2,3,3,3,2,3,1,否,
P134,Android,男,40岁以上,4.0,9.2,否,3.0,0,3,3,4,3,3,2,3,3,是,
P135,iOS,男,18-24,3.9,20.5,否,2.0,0,4,4,4,2,3,3,3,3,否,画面和音乐还是很好的，继续加油
P136,Android,男,25-30,,7.3,否,2.0,3,3,4,2,3,2,2,2,3,是,
P137,iOS,女,25-30,2.1,11.8,否,5.0,0,3,4,4,4,4,4,4,3,是,数值改动有点大，之前练的角色感觉不值了
P138,iOS,女,25-30,1.3,11.7,否,5.0,0,4,5,5,5,4,4,3,5,是,
P139,Android,男,31-40,3.2,14.2,是,3.0,3,4,3,3,3,3,2,3,2,是,闪退太频繁了，希望先把卡顿和闪退修好再说新内容
P140,iOS,男,25-30,3.4,4.8,否,3.0,0,4,4,4,4,3,4,3,4,是,整体还行，希望多出点剧情内容
P141,Android,女,25-30,4.9,9.1,是,2.0,1,3,3,3,3,3,2,3,4,否,希望优化一下性能，手机发热严重而且闪退
P142,iOS,男,31-40,3.7,7.7,是,4.0,0,3,3,4,3,3,2,4,3,是,数值改动有点大，之前练的角色感觉不值了
P143,Android,男,25-30,2.2,3.1,是,3.0,1,3,4,2,4,3,2,3,4,是,希望优化一下性能，手机发热严重而且闪退
P144,iOS,男,18-24,0.3,19.5,否,2.0,3,2,3,3,4,4,2,4,3,是,
P145,Android,女,18-24,4.8,8.3,否,3.0,1,3,3,3,4,3,2,2,1,是,
P146,Android,女,18-24,4.6,11.0,否,3.0,3,2,2,2,2,2,1,3,2,否,
P147,iOS,女,18-24,0.2,15.4,否,4.0,1,3,2,3,3,3,3,2,2,否,整体还行，希望多出点剧情内容
P148,Android,男,31-40,3.2,25.5,否,3.0,2,3,3,4,3,3,3,3,3,否,闪退太频繁了，希望先把卡顿和闪退修好再说新内容
P149,iOS,男,18-24,1.4,5.1,否,3.0,1,4,5,4,5,5,3,3,4,是,整体还行，希望多出点剧情内容
P150,iOS,男,25-30,5.1,13.8,否,,0,3,3,4,3,3,2,4,3,是,付费礼包太贵了，性价比不高
P151,iOS,男,18-24,1.6,5.4,否,3.0,0,3,2,4,3,3,3,2,3,否,数值改动有点大，之前练的角色感觉不值了
P152,Android,女,31-40,4.4,8.5,是,3.0,1,2,3,2,2,3,2,2,2,否,
P153,Android,男,40岁以上,1.4,4.7,否,2.0,2,3,3,3,3,3,2,4,2,否,希望优化一下性能，手机发热严重而且闪退
P154,iOS,男,18-24,2.1,14.1,是,4.0,0,4,4,5,4,4,4,5,3,是,付费礼包太贵了，性价比不高
P155,iOS,男,18-24,4.7,11.0,是,2.0,0,4,3,4,4,3,3,3,3,否,新版本的玩法还挺有意思的，就是日常有点肝
P156,iOS,男,31-40,4.8,0.5,是,3.0,2,3,3,3,3,3,3,4,3,否,数值改动有点大，之前练的角色感觉不值了
P157,Android,男,40岁以上,2.9,3.2,否,4.0,2,2,2,3,2,3,3,1,3,否,
P158,Android,女,18-24,3.4,3.5,否,4.0,2,4,3,3,3,4,3,3,1,否,更新之后老是闪退，打一半就掉线，根本玩不下去
P159,iOS,女,31-40,1.3,,否,3.0,1,3,4,3,4,3,2,3,4,否,整体还行，希望多出点剧情内容
P160,iOS,男,25-30,2.7,7.6,否,2.0,0,4,4,4,4,4,3,4,4,是,新版本的玩法还挺有意思的，就是日常有点肝
P161,Android,男,18-24,4.6,4.5,否,2.0,1,2,2,2,1,2,2,1,2,否,新版本内容还行，但是进副本经常崩，体验很差
P162,Android,男,18-24,2.9,8.1,是,1.0,1,3,3,2,3,4,2,4,3,否,新版本内容还行，但是进副本经常崩，体验很差
P163,iOS,女,31-40,0.3,4.9,否,,2,4,4,3,4,3,3,3,3,是,数值改动有点大，之前练的角色感觉不值了
P164,iOS,男,18-24,2.9,18.2,是,2.0,0,4,3,4,4,4,3,4,4,否,
P165,Android,男,18-24,2.4,12.8,否,2.0,0,3,3,3,3,3,2,1,4,否,希望优化一下性能，手机发热严重而且闪退
P166,iOS,男,25-30,2.3,10.8,否,2.0,1,5,5,4,4,5,3,2,5,是,画面和音乐还是很好的，继续加油
P167,Android,女,18-24,6.4,4.9,是,2.0,1,3,3,3,3,3,2,3,2,是,闪退太频繁了，希望先把卡顿和闪退修好再说新内容
P168,iOS,女,25-30,2.1,4.8,否,4.0,0,3,3,4,3,3,2,3,3,否,画面和音乐还是很好的，继续加油
P169,iOS,男,18-24,3.0,5.3,否,4.0,2,3,4,4,3,3,4,3,3,否,付费礼包太贵了，性价比不高
P170,Android,男,31-40,3.1,15.3,否,1.0,3,3,3,3,3,3,3,3,2,否,希望优化一下性能，手机发热严重而且闪退
P171,iOS,男,18-24,1.3,21.5,是,2.0,0,3,4,3,4,5,2,2,4,否,
P172,iOS,男,18-24,1.9,12.7,否,4.0,0,4,3,3,3,4,4,4,3,否,整体还行，希望多出点剧情内容
P173,iOS,男,31-40,0.2,17.7,是,5.0,1,2,3,3,4,3,3,3,2,是,数值改动有点大，之前练的角色感觉不值了
P174,iOS,女,18-24,2.3,14.7,否,5.0,1,4,4,4,5,5,3,5,3,否,
P175,iOS,男,18-24,1.4,16.6,否,2.0,0,2,2,2,2,2,3,2,3,否,
P176,iOS,男,40岁以上,1.8,16.6,否,3.0,0,4,4,5,5,4,4,5,5,是,付费礼包太贵了，性价比不高
P177,iOS,男,18岁以下,2.9,4.7,是,1.0,0,4,3,3,4,4,3,4,2,是,
P178,Android,男,18-24,4.7,9.0,是,,1,3,4,3,3,3,3,3,2,否,闪退太频繁了，希望先把卡顿和闪退修好再说新内容
P179,Android,男,18-24,1.3,14.8,否,4.0,2,4,3,4,5,4,4,3,3,否,闪退太频繁了，希望先把卡顿和闪退修好再说新内容
P180,Android,男,25-30,3.7,18.6,否,3.0,2,3,4,4,3,3,3,2,3,否,新版本内容还行，但是进副本经常崩，体验很差
P181,iOS,男,25-30,1.8,2.0,是,3.0,0,4,4,4,5,4,5,4,4,是,新版本的玩法还挺有意思的，就是日常有点肝
P182,iOS,女,18岁以下,2.1,7.2,是,4.0,0,3,3,4,3,3,3,4,4,否,数值改动有点大，之前练的角色感觉不值了
P183,Android,女,18-24,0.5,23.7,否,,2,3,4,3,3,4,2,2,2,否,希望优化一下性能，手机发热严重而且闪退
P184,Android,男,25-30,2.2,19.1,否,3.0,2,2,3,3,2,2,3,3,2,否,安卓这边优化太差了，同样的手机以前不卡的
P185,iOS,男,25-30,2.4,11.3,否,2.0,1,4,4,4,4,4,3,3,4,是,
P186,Android,女,25-30,3.6,12.8,否,3.0,3,3,3,3,3,1,3,2,1,否,希望优化一下性能，手机发热严重而且闪退
P187,iOS,男,25-30,0.9,7.0,是,4.0,0,3,3,3,3,4,3,4,4,是,新版本的玩法还挺有意思的，就是日常有点肝
P188,Android,男,18-24,3.6,8.3,否,3.0,1,5,4,4,4,5,3,3,3,否,安卓这边优化太差了，同样的手机以前不卡的
P189,Android,女,25-30,1.9,7.4,否,3.0,1,4,3,3,4,4,3,3,3,是,
P190,Android,男,25-30,1.9,0.5,是,3.0,1,3,2,3,3,3,1,2,2,否,安卓这边优化太差了，同样的手机以前不卡的
P191,Android,男,18岁以下,,10.9,否,2.0,2,3,3,3,3,3,3,3,2,否,
P192,iOS,男,31-40,2.3,11.1,是,4.0,0,3,3,3,3,3,2,3,2,否,整体还行，希望多出点剧情内容
P193,Android,女,18-24,5.4,10.8,否,3.0,1,3,3,3,2,3,1,2,4,否,安卓这边优化太差了，同样的手机以前不卡的
P194,Android,女,25-30,0.4,10.2,否,2.0,0,3,2,2,2,2,2,1,1,否,新版本内容还行，但是进副本经常崩，体验很差
P195,Android,女,31-40,3.1,6.5,是,4.0,2,2,3,3,3,2,1,2,3,否,
P196,iOS,女,25-30,1.2,14.7,否,4.0,0,4,3,4,4,3,4,3,3,是,整体还行，希望多出点剧情内容
P197,iOS,男,25-30,0.7,10.6,否,4.0,0,5,4,4,5,4,3,5,4,是,整体还行，希望多出点剧情内容
P198,iOS,女,18-24,2.9,2.9,是,2.0,0,3,3,4,4,3,3,4,3,否,付费礼包太贵了，性价比不高
P199,Android,女,25-30,2.7,3.2,是,2.0,3,3,4,3,4,2,2,3,3,否,安卓这边优化太差了，同样的手机以前不卡的
P200,Android,男,31-40,2.0,0.5,否,3.0,1,4,3,3,2,4,3,3,3,否,希望优化一下性能，手机发热严重而且闪退
P201,Android,男,18-24,2.3,20.5,否,4.0,1,3,3,2,3,3,2,2,1,否,闪退太频繁了，希望先把卡顿和闪退修好再说新内容
P202,iOS,女,18-24,3.5,10.1,否,3.0,1,3,4,4,2,3,3,3,3,是,
P203,iOS,男,25-30,1.0,0.5,否,3.0,1,4,4,4,3,3,3,4,3,是,新版本的玩法还挺有意思的，就是日常有点肝
P204,Android,男,31-40,2.5,7.8,否,3.0,2,3,3,3,3,3,2,1,2,否,闪退太频繁了，希望先把卡顿和闪退修好再说新内容
P205,iOS,女,18-24,2.0,10.6,是,2.0,1,4,5,4,3,5,3,3,4,是,数值改动有点大，之前练的角色感觉不值了
P206,Android,女,18岁以下,3.8,14.0,是,5.0,2,3,3,3,4,3,3,3,3,否,
P207,Android,男,31-40,3.3,11.5,否,4.0,2,4,3,3,3,3,3,3,2,否,
P208,Android,男,25-30,3.7,6.4,是,4.0,0,3,3,4,2,3,2,3,2,是,新版本内容还行，但是进副本经常崩，体验很差
P209,Android,男,18-24,2.8,16.3,否,4.0,2,3,3,3,3,3,4,1,3,否,安卓这边优化太差了，同样的手机以前不卡的
P210,Android,男,31-40,5.2,0.9,是,2.0,2,2,2,2,3,3,1,1,2,否,闪退太频繁了，希望先把卡顿和闪退修好再说新内容
P211,Android,女,18-24,1.6,16.8,否,2.0,2,2,3,2,2,3,1,2,3,是,新版本内容还行，但是进副本经常崩，体验很差
P212,iOS,男,18岁以下,4.1,7.0,否,2.0,1,3,3,3,2,2,3,3,4,是,付费礼包太贵了，性价比不高
P213,iOS,女,25-30,4.2,7.2,是,3.0,0,3,3,3,3,3,3,5,3,否,付费礼包太贵了，性价比不高
P214,iOS,男,31-40,0.2,13.9,否,2.0,0,3,4,3,3,3,4,4,5,否,画面和音乐还是很好的，继续加油
P215,iOS,男,25-30,4.4,10.5,是,1.0,0,4,2,3,4,3,3,4,2,是,整体还行，希望多出点剧情内容
P216,iOS,女,18-24,2.0,3.8,是,1.0,0,4,3,4,4,3,4,4,3,是,
P217,Android,男,25-30,2.8,20.5,否,2.0,3,3,3,3,5,4,4,4,4,是,希望优化一下性能，手机发热严重而且闪退
P218,Android,女,18-24,4.1,19.4,否,4.0,0,3,3,3,2,2,2,4,3,否,更新之后老是闪退，打一半就掉线，根本玩不下去
P219,iOS,男,18-24,5.0,13.1,否,2.0,0,3,4,3,4,4,4,3,4,否,整体还行，希望多出点剧情内容
P220,iOS,男,18-24,4.0,11.7,否,4.0,1,3,3,4,3,3,3,4,3,否,付费礼包太贵了，性价比不高
P221,Android,男,18-24,1.7,18.7,否,3.0,2,1,2,3,3,3,2,1,2,否,希望优化一下性能，手机发热严重而且闪退
P222,Android,男,18-24,4.3,2.2,否,2.0,1,3,3,3,3,2,2,1,2,否,
P223,Android,女,18-24,1.3,13.5,否,,2,3,3,3,3,2,2,3,2,否,闪退太频繁了，希望先把卡顿和闪退修好再说新内容
P224,iOS,女,25-30,0.2,1.7,否,5.0,1,5,3,4,4,4,3,3,3,是,画面和音乐还是很好的，继续加油
P225,iOS,男,25-30,4.2,5.8,是,4.0,0,3,4,4,4,5,4,2,5,否,新版本的玩法还挺有意思的，就是日常有点肝
P226,iOS,男,25-30,2.7,,是,3.0,0,4,3,4,4,3,3,2,2,否,付费礼包太贵了，性价比不高
P227,Android,女,25-30,2.8,7.6,是,3.0,3,4,4,4,3,4,3,3,4,否,
P228,Android,男,18-24,0.8,2.2,否,1.0,1,3,3,2,2,3,2,2,2,否,新版本内容还行，但是进副本经常崩，体验很差
P229,iOS,男,18-24,3.6,11.0,是,3.0,1,3,3,4,4,3,2,3,3,否,
P230,iOS,女,25-30,2.7,5.6,是,3.0,0,2,3,3,3,2,2,3,2,否,
P231,Android,男,18-24,4.2,10.2,否,3.0,1,3,2,3,3,3,3,2,2,否,
P232,iOS,男,31-40,0.7,7.3,是,4.0,0,4,4,4,3,4,3,4,1,是,
P233,Android,男,31-40,4.1,5.1,是,2.0,2,2,3,3,2,3,2,2,3,是,
P234,iOS,女,25-30,3.2,5.3,否,4.0,0,3,4,3,3,4,3,2,4,是,
P235,Android,男,18-24,3.2,5.4,否,2.0,2,2,2,2,3,3,3,3,2,否,
P236,iOS,女,25-30,2.7,15.2,是,4.0,0,3,2,2,4,4,3,3,3,是,新版本的玩法还挺有意思的，就是日常有点肝
P237,iOS,男,25-30,3.5,15.3,否,4.0,0,5,4,4,3,4,3,4,4,是,画面和音乐还是很好的，继续加油
P238,Android,男,18-24,3.8,14.3,是,2.0,1,3,3,3,3,4,3,3,2,是,安卓这边优化太差了，同样的手机以前不卡的
P239,Android,男,40岁以上,3.8,1.0,否,3.0,0,4,3,3,4,4,4,4,2,否,闪退太频繁了，希望先把卡顿和闪退修好再说新内容
P240,iOS,女,18-24,4.2,8.0,是,3.0,1,4,4,3,3,4,2,4,3,是,
P241,iOS,男,18-24,0.5,4.2,否,3.0,0,4,4,4,3,3,2,3,4,否,整体还行，希望多出点剧情内容
P242,iOS,女,31-40,2.4,5.3,否,2.0,1,2,3,3,2,3,3,4,4,否,数值改动有点大，之前练的角色感觉不值了
P243,iOS,男,18岁以下,3.3,11.4,是,3.0,1,3,3,4,3,3,3,4,4,是,画面和音乐还是很好的，继续加油
P244,iOS,女,31-40,3.9,6.8,否,3.0,0,4,2,3,4,3,3,3,2,是,
P245,iOS,女,25-30,3.2,3.1,否,3.0,0,3,3,3,3,4,2,3,3,是,数值改动有点大，之前练的角色感觉不值了
P246,iOS,男,25-30,2.3,0.6,是,3.0,0,4,4,3,4,5,3,3,3,是,数值改动有点大，之前练的角色感觉不值了
P247,iOS,男,18-24,0.9,10.5,否,3.0,0,4,3,4,4,3,2,5,4,是,付费礼包太贵了，性价比不高
P248,iOS,女,25-30,2.9,11.2,否,3.0,0,4,4,4,4,4,4,4,4,是,整体还行，希望多出点剧情内容
P249,Android,男,31-40,2.5,5.9,否,3.0,1,2,3,3,3,3,2,2,3,否,闪退太频繁了，希望先把卡顿和闪退修好再说新内容
P250,Android,女,18-24,3.8,6.0,否,4.0,1,3,3,3,3,3,2,2,2,否,
P251,iOS,女,31-40,2.1,9.0,否,4.0,0,3,3,2,4,3,4,3,2,否,
P252,Android,女,18-24,4.0,4.0,否,4.0,2,3,4,2,3,3,3,3,3,否,新版本内容还行，但是进副本经常崩，体验很差
P253,Android,男,18-24,2.7,3.9,否,5.0,2,3,3,3,3,2,3,3,3,否,新版本内容还行，但是进副本经常崩，体验很差
P254,iOS,女,31-40,1.4,3.2,否,3.0,1,4,4,4,4,3,5,4,5,是,付费礼包太贵了，性价比不高
P255,Android,男,40岁以上,4.1,9.9,否,3.0,2,3,3,3,3,3,1,2,3,否,
P256,Android,男,31-40,3.0,16.7,否,3.0,1,2,3,2,3,3,3,3,3,否,闪退太频繁了，希望先把卡顿和闪退修好再说新内容
P257,iOS,女,18-24,3.6,11.8,是,2.0,1,4,3,3,3,4,4,3,3,是,新版本的玩法还挺有意思的，就是日常有点肝
P258,Android,男,18-24,2.2,0.5,否,2.0,3,2,2,3,3,2,2,2,3,否,闪退太频繁了，希望先把卡顿和闪退修好再说新内容
P259,iOS,女,18-24,1.3,7.1,否,3.0,0,4,3,4,4,4,2,4,3,是,付费礼包太贵了，性价比不高
P260,Android,男,18-24,2.5,3.2,是,4.0,0,3,4,2,3,3,3,2,3,否,安卓这边优化太差了，同样的手机以前不卡的
P261,Android,男,25-30,3.4,9.5,是,2.0,0,3,2,2,2,3,2,3,4,否,希望优化一下性能，手机发热严重而且闪退
P262,Android,女,25-30,3.2,15.9,是,3.0,2,3,2,2,3,2,3,4,2,否,闪退太频繁了，希望先把卡顿和闪退修好再说新内容
P263,iOS,女,18-24,4.0,11.6,是,2.0,0,3,4,3,2,2,3,3,3,否,数值改动有点大，之前练的角色感觉不值了
P264,iOS,女,25-30,0.2,9.7,是,3.0,0,3,4,3,4,4,3,3,3,否,整体还行，希望多出点剧情内容
P265,Android,女,31-40,1.6,2.7,否,3.0,2,2,3,2,2,2,3,2,4,否,新版本内容还行，但是进副本经常崩，体验很差
P266,Android,男,18岁以下,2.3,9.6,否,4.0,1,3,2,2,3,3,2,1,3,否,安卓这边优化太差了，同样的手机以前不卡的
P267,Android,男,40岁以上,0.6,15.1,否,3.0,3,4,3,3,3,3,3,3,3,否,更新之后老是闪退，打一半就掉线，根本玩不下去
P268,iOS,女,25-30,4.3,7.6,否,1.0,0,3,2,3,3,4,4,3,4,否,画面和音乐还是很好的，继续加油
P269,Android,女,18-24,4.4,11.7,是,2.0,2,2,3,4,3,4,2,3,2,否,
P270,Android,男,25-30,3.3,10.4,否,1.0,1,2,3,2,3,2,3,2,2,否,新版本内容还行，但是进副本经常崩，体验很差
P271,Android,男,25-30,2.8,4.6,否,4.0,0,3,2,2,3,2,3,3,2,否,希望优化一下性能，手机发热严重而且闪退
P272,iOS,男,18-24,3.0,10.1,否,3.0,1,5,4,4,4,4,4,4,3,是,新版本的玩法还挺有意思的，就是日常有点肝
P273,iOS,女,25-30,4.7,16.8,否,4.0,0,4,3,4,3,4,4,4,3,是,付费礼包太贵了，性价比不高
P274,iOS,男,25-30,3.0,3.5,否,3.0,0,5,5,5,5,5,4,4,5,是,整体还行，希望多出点剧情内容
P275,Android,男,25-30,2.3,1.3,否,1.0,2,3,4,2,3,3,3,2,2,否,新版本内容还行，但是进副本经常崩，体验很差
P276,iOS,男,18岁以下,5.0,8.1,否,4.0,0,4,4,4,5,4,4,4,3,是,
P277,iOS,男,25-30,2.0,17.2,否,2.0,2,3,3,3,3,2,4,3,2,否,
P278,iOS,男,18岁以下,4.1,14.0,是,1.0,1,4,3,4,4,4,3,3,3,否,画面和音乐还是很好的，继续加油
P279,iOS,男,31-40,1.0,7.0,是,4.0,1,4,4,4,4,5,3,2,4,否,画面和音乐还是很好的，继续加油
P280,Android,男,18岁以下,4.7,17.2,否,,0,3,3,3,2,2,2,2,2,否,新版本内容还行，但是进副本经常崩，体验很差
P281,Android,男,18-24,2.5,8.2,是,2.0,2,3,2,2,3,3,3,4,3,否,安卓这边优化太差了，同样的手机以前不卡的
P282,Android,女,18岁以下,2.1,10.0,否,2.0,1,3,2,1,2,3,2,3,2,否,希望优化一下性能，手机发热严重而且闪退
P283,Android,男,31-40,2.6,14.6,否,5.0,2,4,3,3,3,4,2,2,2,否,
P284,Android,男,25-30,3.6,12.6,是,2.0,2,3,4,4,4,3,2,3,3,否,更新之后老是闪退，打一半就掉线，根本玩不下去
P285,Android,男,18-24,3.7,17.5,是,1.0,2,3,2,1,2,2,2,2,2,否,
P286,Android,女,18-24,4.1,11.1,是,4.0,2,3,1,2,3,2,2,2,2,是,更新之后老是闪退，打一半就掉线，根本玩不下去
P287,Android,女,25-30,3.1,19.9,否,5.0,1,3,3,2,4,2,2,2,4,否,希望优化一下性能，手机发热严重而且闪退
P288,iOS,女,31-40,0.5,9.4,否,3.0,0,3,3,3,2,2,2,3,1,否,
P289,Android,男,25-30,3.9,15.4,是,2.0,0,3,3,2,3,3,2,3,1,否,闪退太频繁了，希望先把卡顿和闪退修好再说新内容
P290,Android,女,31-40,0.9,8.9,是,3.0,1,2,3,3,3,3,3,3,3,否,
P291,iOS,女,25-30,3.5,2.2,否,2.0,0,4,3,4,4,4,3,3,4,否,数值改动有点大，之前练的角色感觉不值了
P292,Android,男,25-30,3.6,15.3,否,2.0,2,3,4,3,4,3,2,4,2,是,新版本内容还行，但是进副本经常崩，体验很差
P293,iOS,女,18-24,3.9,7.5,否,5.0,0,4,4,3,3,3,3,4,3,否,整体还行，希望多出点剧情内容
P294,iOS,女,25-30,3.0,3.2,是,1.0,0,4,4,4,4,4,3,2,3,是,画面和音乐还是很好的，继续加油
P295,iOS,女,25-30,2.1,7.4,否,2.0,1,4,4,4,4,4,5,4,3,否,付费礼包太贵了，性价比不高
P296,iOS,女,18-24,0.2,6.9,否,4.0,2,4,4,4,3,3,5,4,3,否,付费礼包太贵了，性价比不高
P297,Android,男,18-24,3.5,2.6,是,3.0,1,2,3,1,2,2,3,2,3,否,更新之后老是闪退，打一半就掉线，根本玩不下去
P298,Android,男,18-24,0.8,13.2,否,3.0,1,3,2,1,3,3,2,1,2,否,
P299,Android,男,31-40,2.4,11.3,否,2.0,2,3,4,3,4,3,4,4,2,否,新版本内容还行，但是进副本经常崩，体验很差
P300,iOS,女,25-30,3.5,8.0,否,3.0,0,3,3,4,4,4,3,3,4,是,
P301,Android,女,31-40,,10.8,是,1.0,2,3,2,3,2,1,1,1,2,是,更新之后老是闪退，打一半就掉线，根本玩不下去
P302,Android,男,25-30,2.0,0.5,否,3.0,2,3,3,3,3,3,3,3,3,否,闪退太频繁了，希望先把卡顿和闪退修好再说新内容
P303,iOS,女,18-24,2.8,2.5,否,2.0,0,3,3,2,3,2,4,3,3,否,新版本的玩法还挺有意思的，就是日常有点肝
P304,iOS,男,25-30,1.4,3.6,否,3.0,0,4,4,4,4,5,3,3,4,是,画面和音乐还是很好的，继续加油
P305,Android,男,25-30,3.5,12.4,否,2.0,2,3,4,2,3,3,2,2,2,否,新版本内容还行，但是进副本经常崩，体验很差
P306,iOS,男,18-24,2.2,17.7,否,3.0,0,4,4,4,4,5,2,3,3,是,付费礼包太贵了，性价比不高
P307,Android,男,18-24,1.4,5.8,否,4.0,1,2,4,3,3,3,3,4,1,否,更新之后老是闪退，打一半就掉线，根本玩不下去
P308,Android,男,25-30,0.5,8.3,否,3.0,2,3,3,3,4,3,2,2,3,否,新版本内容还行，但是进副本经常崩，体验很差
P309,Android,男,18-24,0.2,8.6,否,2.0,2,4,2,3,2,3,1,2,3,是,安卓这边优化太差了，同样的手机以前不卡的
P310,iOS,女,25-30,2.1,8.8,是,3.0,0,3,3,3,3,3,3,4,3,是,
P311,Android,女,18-24,0.4,6.9,是,4.0,2,4,2,2,3,3,2,1,2,否,
P312,iOS,男,25-30,2.6,9.8,是,3.0,0,3,4,4,4,4,4,4,4,是,付费礼包太贵了，性价比不高
P313,Android,女,18-24,2.4,7.4,是,3.0,1,4,3,3,4,3,3,2,2,否,希望优化一下性能，手机发热严重而且闪退
P314,iOS,女,18-24,3.8,4.1,是,1.0,0,4,3,3,4,4,4,3,4,是,新版本的玩法还挺有意思的，就是日常有点肝
P315,iOS,女,18岁以下,1.2,12.0,否,3.0,0,4,4,4,5,3,4,4,4,否,付费礼包太贵了，性价比不高
P316,Android,男,18-24,3.5,10.1,否,,2,4,4,4,3,3,2,3,3,否,安卓这边优化太差了，同样的手机以前不卡的
P317,Android,男,25-30,1.5,12.0,否,2.0,3,3,1,2,2,2,2,3,2,否,更新之后老是闪退，打一半就掉线，根本玩不下去
P318,iOS,女,25-30,5.0,16.8,否,3.0,1,3,4,5,5,4,3,3,2,是,
P319,iOS,男,18-24,2.9,7.7,是,4.0,1,4,3,3,3,2,3,3,2,是,付费礼包太贵了，性价比不高
P320,iOS,男,18-24,1.3,4.5,否,4.0,0,4,3,3,3,4,3,4,2,是,数值改动有点大，之前练的角色感觉不值了
P321,Android,男,25-30,3.5,7.6,否,4.0,3,3,2,3,3,2,2,3,1,是,闪退太频繁了，希望先把卡顿和闪退修好再说新内容
P322,iOS,女,18-24,0.7,9.4,是,3.0,1,4,4,3,4,3,2,2,3,是,
P323,Android,男,18-24,2.3,11.7,是,2.0,2,3,2,3,2,3,3,2,3,否,希望优化一下性能，手机发热严重而且闪退
P324,Android,女,18-24,5.0,9.5,否,4.0,1,4,4,3,5,4,3,3,3,否,
P325,iOS,男,25-30,2.9,0.5,否,5.0,0,4,3,4,3,3,3,4,4,否,数值改动有点大，之前练的角色感觉不值了
P326,iOS,男,25-30,0.2,15.1,否,1.0,0,3,3,3,4,4,4,3,3,否,数值改动有点大，之前练的角色感觉不值了
P327,iOS,男,25-30,4.6,9.2,否,2.0,0,3,4,3,3,3,2,3,2,否,画面和音乐还是很好的，继续加油
P328,Android,男,31-40,3.4,14.5,否,3.0,1,3,3,2,3,2,3,3,3,否,
P329,iOS,男,18-24,4.1,5.1,是,3.0,1,3,3,4,3,4,3,3,5,否,付费礼包太贵了，性价比不高
P330,Android,男,18岁以下,1.1,13.7,否,2.0,3,3,3,3,3,3,2,2,2,否,闪退太频繁了，希望先把卡顿和闪退修好再说新内容
P331,Android,男,25-30,2.9,15.1,是,3.0,3,3,3,2,3,2,2,3,2,否,更新之后老是闪退，打一半就掉线，根本玩不下去
P332,iOS,男,18-24,3.4,11.0,是,1.0,2,3,4,3,3,3,3,3,3,否,
P333,Android,男,25-30,2.9,0.5,是,3.0,2,2,2,4,3,3,3,1,2,否,新版本内容还行，但是进副本经常崩，体验很差
P334,Android,女,25-30,0.7,9.2,否,2.0,0,3,3,4,3,4,3,3,5,否,安卓这边优化太差了，同样的手机以前不卡的
P335,iOS,女,18-24,4.4,12.2,是,2.0,1,2,3,3,3,4,2,3,4,否,付费礼包太贵了，性价比不高
P336,iOS,男,18-24,0.8,4.6,是,3.0,1,4,4,4,4,3,4,4,3,是,画面和音乐还是很好的，继续加油
P337,iOS,男,31-40,1.8,13.5,是,2.0,2,3,3,3,3,4,2,5,2,是,画面和音乐还是很好的，继续加油
P338,Android,男,31-40,2.7,12.5,否,2.0,1,2,3,3,3,2,2,3,3,否,
P339,iOS,男,18-24,3.3,8.8,否,5.0,0,3,4,4,2,4,4,2,2,是,数值改动有点大，之前练的角色感觉不值了
P340,Android,男,18岁以下,3.1,2.7,是,3.0,3,3,3,2,4,2,3,3,2,否,闪退太频繁了，希望先把卡顿和闪退修好再说新内容
P341,Android,女,18岁以下,2.4,11.3,否,3.0,1,2,3,2,3,2,1,2,1,否,安卓这边优化太差了，同样的手机以前不卡的
P342,Android,女,18-24,1.2,5.8,是,2.0,1,3,3,2,3,3,3,3,4,否,新版本内容还行，但是进副本经常崩，体验很差
P343,iOS,女,18-24,3.2,11.8,否,3.0,0,5,4,5,3,5,4,4,4,否,
P344,iOS,女,18-24,2.4,7.3,否,4.0,0,4,4,3,3,3,3,3,3,否,付费礼包太贵了，性价比不高
P345,iOS,女,18-24,1.1,8.7,否,4.0,0,4,5,4,4,4,4,4,4,否,整体还行，希望多出点剧情内容
P346,Android,女,18-24,0.2,,是,4.0,0,3,3,3,3,2,2,2,2,否,更新之后老是闪退，打一半就掉线，根本玩不下去
P347,Android,男,31-40,2.5,11.4,是,4.0,2,3,3,3,3,3,2,2,1,否,闪退太频繁了，希望先把卡顿和闪退修好再说新内容
P348,Android,女,18-24,2.7,5.0,否,2.0,3,4,3,4,3,4,2,3,2,是,闪退太频繁了，希望先把卡顿和闪退修好再说新内容
P349,Android,女,25-30,2.1,,否,4.0,3,4,4,3,4,3,3,3,2,否,闪退太频繁了，希望先把卡顿和闪退修好再说新内容
P350,Android,女,18-24,3.5,3.1,否,2.0,3,2,3,2,3,1,2,2,2,否,
P351,iOS,男,18-24,4.0,5.9,否,4.0,0,3,3,3,3,3,3,3,2,是,数值改动有点大，之前练的角色感觉不值了
P352,iOS,男,25-30,2.4,9.1,否,3.0,1,5,5,5,5,4,5,5,4,是,整体还行，希望多出点剧情内容
P353,iOS,男,25-30,,12.9,否,4.0,1,4,3,3,3,3,3,2,3,否,
P354,iOS,女,18-24,1.9,12.2,否,2.0,0,2,3,3,3,2,1,4,3,是,数值改动有点大，之前练的角色感觉不值了
P355,iOS,男,18-24,3.0,7.2,否,3.0,0,4,3,4,4,4,3,4,2,是,
P356,iOS,男,40岁以上,3.4,10.8,否,3.0,0,4,3,4,4,3,4,2,3,否,整体还行，希望多出点剧情内容
P357,iOS,男,25-30,3.0,10.0,否,2.0,0,4,3,3,4,3,2,4,4,是,画面和音乐还是很好的，继续加油
P358,Android,男,18-24,1.3,5.2,是,2.0,1,3,3,3,3,4,3,2,2,否,安卓这边优化太差了，同样的手机以前不卡的
P359,iOS,男,18岁以下,3.4,4.0,是,1.0,1,3,3,3,4,4,3,4,3,否,付费礼包太贵了，性价比不高
P360,iOS,男,18-24,3.3,12.0,否,4.0,1,2,2,2,3,1,4,3,3,否,
P361,iOS,女,18-24,4.2,11.4,是,2.0,0,3,3,3,3,2,2,2,3,否,数值改动有点大，之前练的角色感觉不值了
P362,iOS,女,18-24,3.9,11.5,是,3.0,0,4,3,3,3,5,4,3,2,否,新版本的玩法还挺有意思的，就是日常有点肝
P363,Android,女,31-40,0.2,14.9,否,3.0,0,2,3,1,2,2,2,1,2,否,安卓这边优化太差了，同样的手机以前不卡的
P364,iOS,男,18-24,1.3,,否,1.0,0,3,3,3,3,2,4,4,2,否,付费礼包太贵了，性价比不高
P365,Android,女,25-30,2.8,7.5,否,4.0,2,2,3,2,2,1,2,3,3,否,希望优化一下性能，手机发热严重而且闪退
P366,iOS,男,18-24,2.3,7.8,否,3.0,1,4,4,3,4,4,3,5,3,是,新版本的玩法还挺有意思的，就是日常有点肝
P367,iOS,男,18岁以下,5.3,6.9,否,3.0,1,3,4,3,3,3,2,4,3,是,
P368,Android,男,31-40,1.3,13.1,是,3.0,2,3,4,3,3,3,2,3,3,否,希望优化一下性能，手机发热严重而且闪退
P369,Android,女,25-30,0.5,16.0,是,3.0,2,3,4,4,3,3,3,3,2,否,希望优化一下性能，手机发热严重而且闪退
P370,iOS,女,31-40,1.6,5.6,是,3.0,0,5,4,3,5,3,3,4,3,是,新版本的玩法还挺有意思的，就是日常有点肝
P371,iOS,男,31-40,0.7,9.6,否,3.0,1,4,3,5,3,4,4,5,3,否,
P372,Android,女,31-40,3.2,7.3,否,4.0,1,3,2,2,1,2,2,2,2,否,闪退太频繁了，希望先把卡顿和闪退修好再说新内容
P373,Android,男,31-40,2.1,12.1,否,3.0,1,2,2,2,3,3,2,2,2,否,新版本内容还行，但是进副本经常崩，体验很差
P374,iOS,男,18-24,1.7,15.4,否,5.0,0,4,3,4,4,4,3,2,4,否,画面和音乐还是很好的，继续加油
P375,iOS,男,25-30,5.1,22.6,否,4.0,0,4,5,4,5,5,4,4,4,否,
P376,iOS,女,18岁以下,3.6,12.3,否,3.0,0,4,4,4,3,3,2,3,3,是,
P377,iOS,男,25-30,0.6,10.8,否,4.0,1,4,2,3,3,2,1,3,2,是,数值改动有点大，之前练的角色感觉不值了
P378,Android,女,18-24,3.8,3.0,否,1.0,2,3,3,2,2,3,4,4,3,否,新版本内容还行，但是进副本经常崩，体验很差
P379,iOS,男,18-24,1.9,9.4,否,3.0,0,4,4,2,3,3,2,3,3,否,整体还行，希望多出点剧情内容
P380,iOS,男,25-30,1.8,13.7,是,4.0,1,3,3,3,3,4,3,3,2,否,
P381,iOS,男,18-24,4.9,14.6,是,3.0,0,4,3,4,4,3,4,3,3,否,数值改动有点大，之前练的角色感觉不值了
P382,iOS,男,18-24,3.7,9.7,否,4.0,0,2,4,4,3,3,2,2,3,否,画面和音乐还是很好的，继续加油
P383,iOS,女,18-24,2.9,8.4,是,2.0,1,4,4,4,4,4,3,5,5,否,画面和音乐还是很好的，继续加油
P384,iOS,女,18-24,4.8,7.2,是,1.0,0,3,4,3,3,2,2,3,3,否,整体还行，希望多出点剧情内容
P385,iOS,男,31-40,2.1,8.3,是,4.0,0,3,3,3,4,4,3,4,2,否,画面和音乐还是很好的，继续加油
P386,Android,男,31-40,3.9,0.5,否,2.0,2,3,3,3,2,3,1,2,3,否,
P387,iOS,男,18-24,3.1,6.1,是,4.0,0,3,4,4,4,3,3,3,4,是,画面和音乐还是很好的，继续加油
P388,Android,男,31-40,2.8,13.3,是,1.0,1,3,4,3,4,3,3,3,3,否,
P389,iOS,男,18-24,2.2,4.8,是,4.0,1,4,3,3,3,3,3,2,3,是,整体还行，希望多出点剧情内容
P390,iOS,女,31-40,2.2,13.8,是,4.0,0,3,3,3,3,2,3,2,2,是,
P391,Android,女,31-40,3.6,13.5,否,4.0,1,3,2,3,3,2,3,2,2,否,
P392,iOS,男,25-30,1.3,11.4,否,2.0,0,3,4,4,4,4,4,3,3,是,付费礼包太贵了，性价比不高
P393,Android,男,18-24,2.0,8.0,否,1.0,2,3,2,3,3,3,3,3,3,否,闪退太频繁了，希望先把卡顿和闪退修好再说新内容
P394,Android,男,18-24,3.5,13.0,否,3.0,2,4,3,4,4,4,3,2,2,否,安卓这边优化太差了，同样的手机以前不卡的
P395,Android,男,25-30,1.4,2.9,否,3.0,2,3,2,2,2,3,2,3,1,否,安卓这边优化太差了，同样的手机以前不卡的
P396,Android,女,31-40,1.2,7.3,否,3.0,3,2,4,3,2,3,2,2,2,否,闪退太频繁了，希望先把卡顿和闪退修好再说新内容
P397,iOS,男,18-24,3.3,4.7,否,4.0,1,3,3,3,3,4,3,4,2,否,
P398,Android,男,18-24,3.9,10.3,是,2.0,2,3,3,4,3,3,3,1,2,是,闪退太频繁了，希望先把卡顿和闪退修好再说新内容
P399,Android,女,25-30,2.0,16.5,否,2.0,2,3,4,3,3,3,2,2,3,否,希望优化一下性能，手机发热严重而且闪退
P400,iOS,男,18-24,2.6,19.3,否,4.0,0,5,3,4,4,4,4,3,3,是,
P401,Android,女,18-24,,10.4,是,2.0,3,3,3,3,3,3,2,1,2,否,安卓这边优化太差了，同样的手机以前不卡的
P402,Android,男,18岁以下,0.5,10.8,否,4.0,1,5,3,4,3,4,3,2,4,否,希望优化一下性能，手机发热严重而且闪退
P403,iOS,男,25-30,4.8,13.0,是,4.0,0,3,4,3,3,3,3,3,2,否,画面和音乐还是很好的，继续加油
P404,iOS,男,31-40,2.2,13.0,否,3.0,0,3,3,3,2,2,3,3,3,否,付费礼包太贵了，性价比不高
P405,iOS,女,25-30,4.7,1.7,否,2.0,0,4,3,4,4,4,5,3,4,否,数值改动有点大，之前练的角色感觉不值了
P406,iOS,男,18岁以下,1.2,20.3,是,3.0,1,3,4,4,3,4,2,3,2,是,
P407,Android,男,25-30,3.9,3.1,否,4.0,1,3,3,4,3,1,3,3,3,否,新版本内容还行，但是进副本经常崩，体验很差
P408,Android,男,18-24,2.9,8.5,是,2.0,2,2,2,2,2,2,3,2,2,否,更新之后老是闪退，打一半就掉线，根本玩不下去
P409,iOS,女,18-24,3.7,5.6,否,2.0,0,3,3,3,3,4,3,2,4,是,付费礼包太贵了，性价比不高
P410,iOS,男,25-30,2.1,,否,3.0,2,4,3,4,3,4,2,4,3,是,整体还行，希望多出点剧情内容
P411,Android,男,18-24,0.9,10.7,否,2.0,0,2,2,2,2,2,2,3,2,否,闪退太频繁了，希望先把卡顿和闪退修好再说新内容
P412,iOS,女,25-30,3.6,20.0,否,1.0,0,3,2,4,4,4,3,3,4,是,付费礼包太贵了，性价比不高
