day,post,dau_new_ads,dau_new_organic,dau_old,dau_return,dau_total,crash_android,crash_ios,pay_rate_mid,funnel_core_rate
1,0,2443,574,13262,3490,19769,0.008,0.005,0.12,0.68
2,0,2342,588,13321,3402,19653,0.008,0.005,0.12,0.68
3,0,2453,629,13294,3566,19942,0.008,0.005,0.12,0.68
4,0,2288,563,13297,3461,19609,0.008,0.005,0.12,0.68
5,0,2339,624,13558,3363,19884,0.008,0.005,0.12,0.68
6,0,2423,585,13616,3629,20253,0.008,0.005,0.12,0.68
7,0,2387,588,13479,3492,19946,0.008,0.005,0.12,0.68
8,0,2487,560,13638,3431,20116,0.008,0.005,0.12,0.68
9,0,2458,614,13424,3492,19988,0.008,0.005,0.12,0.68
10,0,2319,587,13740,3522,20168,0.008,0.005,0.12,0.68
11,0,2306,571,13444,3399,19720,0.008,0.005,0.12,0.68
12,0,2371,604,13559,3485,20019,0.008,0.005,0.12,0.68
13,0,2486,565,13623,3585,20259,0.008,0.005,0.12,0.68
14,0,2417,575,13748,3543,20283,0.008,0.005,0.12,0.68
15,0,2300,630,13400,3535,19865,0.008,0.005,0.12,0.68
16,0,2427,584,13610,3385,20006,0.008,0.005,0.12,0.68
17,0,2291,589,13645,3498,20023,0.008,0.005,0.12,0.68
18,0,2300,589,13693,3401,19983,0.008,0.005,0.12,0.68
19,0,2377,595,13482,3536,19990,0.008,0.005,0.12,0.68
20,0,2321,607,13431,3457,19816,0.008,0.005,0.12,0.68
21,0,2451,594,13609,3386,20040,0.008,0.005,0.12,0.68
22,0,2435,581,13523,3475,20014,0.008,0.005,0.12,0.68
23,0,2321,619,13444,3488,19872,0.008,0.005,0.12,0.68
24,0,2516,631,13362,3516,20025,0.008,0.005,0.12,0.68
25,0,2495,567,13367,3366,19795,0.008,0.005,0.12,0.68
26,0,2486,600,13455,3487,20028,0.008,0.005,0.12,0.68
27,0,2296,587,13717,3640,20240,0.008,0.005,0.12,0.68
28,0,2504,600,13358,3605,20067,0.008,0.005,0.12,0.68
29,1,155,572,7497,2789,11013,0.034,0.005,0.065,0.52
30,1,146,495,6193,2229,9063,0.034,0.005,0.065,0.52
31,1,164,459,5071,1569,7263,0.034,0.005,0.065,0.52
32,1,157,436,4982,1512,7087,0.034,0.005,0.065,0.52
33,1,144,363,5010,1546,7063,0.034,0.005,0.065,0.52
34,1,135,403,4892,1448,6878,0.034,0.005,0.065,0.52
35,1,139,395,4920,1528,6982,0.034,0.005,0.065,0.52
