编号,是否知道有付费版,付费意愿
R001,0,1
R002,0,0
R003,1,1
R004,1,1
R005,0,0
R006,1,0
R007,1,0
R008,0,1
R009,0,0
R010,0,0
R011,1,0
R012,1,1
R013,0,0
R014,0,0
R015,1,1
R016,0,0
R017,0,0
R018,1,1
R019,1,0
R020,0,0
R021,1,0
R022,0,1
R023,0,0
R024,1,1
R025,0,0
R026,0,1
R027,1,1
R028,0,0
R029,1,0
R030,0,0
R031,0,0
R032,1,1
R033,1,1
R034,1,1
R035,0,1
R036,0,0
R037,1,0
R038,1,1
R039,1,0
R040,0,0
R041,1,0
R042,1,1
R043,1,1
R044,1,1
R045,1,1
R046,0,1
R047,0,0
R048,0,1
R049,0,0
R050,0,0
R051,1,0
R052,0,0
R053,0,1
R054,0,0
R055,1,1
R056,0,0
R057,0,0
R058,1,1
R059,1,1
R060,1,1
R061,0,0
R062,1,0
R063,1,1
R064,0,1
R065,1,0
R066,0,0
R067,0,1
R068,1,1
R069,1,1
R070,1,1
R071,1,1
R072,0,0
R073,1,0
R074,1,0
R075,0,1
R076,0,0
R077,1,1
R078,1,1
R079,1,0
R080,0,0
R081,1,1
R082,0,0
R083,0,1
R084,0,0
R085,1,0
R086,0,0
R087,1,1
R088,0,0
R089,0,0
R090,1,1
