#,说话人,字数,原文,关键词（线索）,开放编码,范畴,主题,可作引语
1,林晓,72,[姓名1]你好，先谢谢你晚上抽时间。我们是本研究的产品的用户研究团队，今天想聊聊你平时怎么用这个 App 的。没有标准答案，你怎么用的就怎么说。,用的、平时、谢你、时间、研究、今天,,,,★
2,[姓名1],22,好的好的，这个我用得挺多的，应该能说点东西。,,使用频繁,使用概况,使用场景与刚需,
3,林晓,18,那先随便聊聊，你现在是做什么工作的？,聊聊,,,,
4,[姓名1],58,我在成都一家建筑设计事务所做项目助理，主要就是整理各种图纸、合同、报审材料这些。公司叫某建筑设计公司，在武侯区那边。,公司,文件密集型工作,使用概况,使用场景与刚需,
5,林晓,22,听起来文件确实多。你用扫描类的工具有多久了？,扫描,,,,
6,[姓名1],31,小鹰大概用了八个月吧，之前用的是另一个，那个广告太多了就换了。,用的、广告,因广告少而迁移,满意与口碑,免费版的替代价值,★
7,林晓,9,一周大概扫多少份？,多少,,,,
8,[姓名1],45,不好说，看项目。赶节点的时候一天十几份都有，平时可能一周三四份。平均下来一个月五六十份吧。,平时,使用量随项目波动,使用概况,使用场景与刚需,
9,林晓,6,主要扫什么？,,,,,
10,[姓名1],57,合同、发票最多，还有甲方给的纸质签字页，要转成 PDF 发出去。偶尔也扫一些手写的会议记录，不过那个识别得不太准。,识别、手写、不太,合同发票转PDF；手写识别不准,使用概况；痛点与迁就,使用场景与刚需,★
11,林晓,13,手写那个你后来怎么处理的？,手写,,,,
12,[姓名1],15,就自己再打一遍呗。反正也不多。,反正、正也,手工重打替代,痛点与迁就,使用场景与刚需,
13,林晓,13,那你觉得小鹰用起来怎么样？,,,,,
14,[姓名1],44,挺好的，挺干净的，没有那种弹窗广告。导出也快，我基本就用拍照和导出 PDF 这两个功能。,广告、个功、功能,满意：无广告导出快；功能使用单一,满意与口碑；免费版够用,免费版的替代价值,★
15,林晓,13,有没有遇到过不够用的时候？,用的,,,,
16,[姓名1],51,有过。有一次甲方一下给了三十多页的材料，我得一份一份扫，扫了快一个小时。当时想要是能一次扫多页就好了。,一次、多页,批量扫描缺失；想要一次扫多页,痛点与迁就；需求优先级,使用场景与刚需,
17,[姓名1],27,后来就分开扫了，也没什么别的办法。反正也不是天天这样。,反正、正也,分开扫迁就现状,痛点与迁就,使用场景与刚需,
18,林晓,37,"我注意到你刚才一直说""免费版""，你知道这个 App 其实有付费的会员版吗？",注意、刚才、费的,,,,★
19,[姓名1],31,啊？有吗？我不知道诶。我一直用的就是这个，没看到要收费的地方。,用的、费的,不知道有付费版,付费版认知,付费版认知盲区,
20,林晓,30,那你平时打开 App 的时候，会注意到首页上面的那些入口吗？,平时、注意,,,,
21,[姓名1],36,说实话不太看，我一般点开就直接拍照了，用完就退出。首页有什么我真没注意。,不太、注意,首页入口无感知,付费版认知,付费版认知盲区,
22,林晓,38,如果现在告诉你，会员版可以批量扫描、还有云同步和更高的识别精度，你会考虑吗？,批量、量扫、扫描、识别,,,,★
23,[姓名1],60,批量扫描这个我是真想要，刚才说的那个三十多页的情况，如果一次能扫完那省事多了。云同步我倒是无所谓，我文件都在公司电脑上。,批量、量扫、扫描、公司、一次、多页,批量扫描是强需求；云同步无所谓,需求优先级,使用场景与刚需,★
24,林晓,12,那如果这个功能要收钱呢？,个功、功能,,,,
25,[姓名1],52,那得看多少钱。一年一百以内我可能就直接买了，毕竟确实省时间。再贵就要想想了，因为我也不是每天都要批量扫。,批量、量扫、多少、时间,百元内可直接购买；使用频率影响付费,价格接受度,价格与决策,★
26,林晓,9,你觉得多少钱算贵？,多少,,,,
27,[姓名1],19,超过两百我肯定不买。两百以内看情况吧。,,两百以上不买,价格接受度,价格与决策,
28,林晓,19,那识别精度呢？你刚才说手写识别不太准。,识别、手写、不太、刚才,,,,★
29,[姓名1],36,那个如果能提上去，我也愿意付一点。但这个是偶尔用，不像批量扫描那么刚需。,批量、量扫、扫描,识别精度是次要需求,需求优先级,使用场景与刚需,★
30,林晓,23,明白了。那如果最后你没买，最可能的原因是什么？,,,,,
31,[姓名1],41,可能就是我一直不知道有这个东西吧。你要是不说，我估计还会一直用免费的，反正也够用。,反正、正也、费的,未付费主因：不知情,付费版认知,付费版认知盲区,★
32,林晓,19,你觉得我们应该怎么告诉你这件事比较好？,,,,,
33,[姓名1],58,别老弹窗就行。我特别烦那种一打开就弹全屏广告的。你要是在我用完一个功能、正好想批量扫的时候提示我一下，我可能就点了。,批量、量扫、广告、个功、功能,反感弹窗；场景化提示可接受,触达偏好,触达与说服方式,★
34,林晓,30,这个建议很好。最后一个问题，你会推荐这个 App 给同事吗？,,,,,
35,[姓名1],22,会啊，我已经推荐给两个同事了，都说挺好用的。,用的,愿意推荐给同事,满意与口碑,免费版的替代价值,
36,林晓,39,那今天就到这里，非常感谢你。方便的话留个联系方式，后续如果还有问题可以再问你。,谢你、今天,,,,
37,[姓名1],27,行，我手机 [手机1]，微信同号，邮箱是 [邮箱1]。,,,,,
38,林晓,28,好的，都记下了。我们会把结果匿名处理，不会出现你的名字。,,,,,
39,[姓名1],13,没问题，那我先挂了，再见。,,,,,
